Aayush,2026-08-18,00:46:49
Aayush,2026-08-18,00:46:50
Aayush,2026-08-18,00:46:51
Aayush,2026-08-18,00:46:52
Aayush,2026-08-18,00:46:52
Aayush,2026-08-18,00:46:53
Aayush,2026-08-18,00:46:54
Aayush,2026-08-18,00:46:54
Aayush,2026-08-18,00:46:55
Aayush,2026-08-18,00:46:55
Ayush.jpg,2026-09-29,21:51:47
Ayush,2026-09-29,23:23:02
Ayush,2026-10-03,23:56:31
Ayush,2026-10-05,00:51:13
Hemant Kumar,2026-10-05,12:33:52
Ayush.jpg,2026-10-05,12:34:00
Gorachand,2026-10-05,12:34:05
Ayush,2026-10-08,12:07:02
Hemant Kumar,2026-10-08,12:07:19
Ayush.jpg,2026-10-08,12:07:27
Rajdeep Maiti,2026-10-08,12:21:45
Ayush,2026-10-09,15:06:47
Hemant Kumar,2026-10-09,15:07:00
Ayush.jpg,2026-10-09,15:07:02
